"ID",AUTHOR,URL,DATE,LIKES,SHARES,COMMENTS,CONTENT,SERVICE,SENTIMENT,ENGAGEMENT
18037903933911337,revistaforum,N/A,30/05/2420 23:00,8.3k,0.0,535.0,"A cantora Pabllo Vittar convoca seus f√£s a usarem verde e amarelo durante a Parada do Orgulho LGBTQIAPN+ de S√£o Paulo que ser√° realizada no pr√≥ximo domingo (2). A artista foi √†s redes sociais para convidar sua legi√£o de admiradores e ditar o dress code: as cores da bandeira nacional do Brasil.

""Quero convocar todas voc√™s a irem de verde e amarelo, pra gente fazer nossa bandeira brilhar novamente"", disse.

A chamada de Pabllo Vittar ecoa os trajes usados no hist√≥rico show da Madonna na Praia de Copacabana, no Rio de Janeiro, no dia 4 de maio. A estrela pop internacional, na companhia da artista brasileira, subiu ao palco usando as cores nacionais brasileiras, s√≠mbolo sequestrado pela extrema direita bolsonarista.

üìçLeia na #F√≥rum: link nos stories

#PablloVittar #Amarelinha #VerdeeAmarelo #ParadadoOrgulho #OrgulhoLGBTQIAPN #LGBTQIAP #RevistaF√≥rum",instagram,POSITIVE,19.870
18030363812070794,henriquefigueiroa,N/A,31/05/2420 02:38,61.0,0.0,3.0,"Depois de 26 dias do mega espet√°culo da Madonna, dia de #tbt estou aqui postando algo. Sim, espet√°culo porque n√£o foi um show. A mulher √© incr√≠vel, talentosa, tem representatividade incompar√°vel, ela √© a MADONNA. Veio ao Brasil sacudir a poeira, homenageou personalidades hist√≥ricas, negros, artistas, que assim como ela, lutaram ou ainda lutam por igualdade, respeito, representatividade diante de uma sociedade ‚Äúhipocrita‚Äù. Al√©m disso, trouxe falas importantes, inspiradoras sobre sua trajet√≥ria de vida e art√≠stica. 
Que lindo foi ver e participar de tudo. Praia lotada, Copacabana lotada, pessoas do mundo inteiro, v√°rias l√≠nguas, cores, povos. 

Como diz o refr√£o de sua m√∫sica de abertura: ‚ÄúNothing really matters
Love is all we need‚Ä¶‚Äù 

‚ÄúNada realmente importa
O amor √© tudo que precisamos‚Ä¶‚Äù 

#madonna #eufui #brasilüáßüá∑ #madonnabrasil #riodejaneiro",instagram,POSITIVE,0.000
17935920341837569,N/A,N/A,30/05/2420 17:33,45.0,0.0,1.0,"La loba, vem a√≠!! De acordo com rafaelarena_ o pr√≥ximo show nas areias de Copacabana ser√° da colombiana shakira. Ele ainda revelou que as negocia√ß√µes andam adiantadas e que a previs√£o √© para o segundo semestre ou primeiro trimestre de 2025.

Vale lembrar que o artista anunciou o show da Madonna na Cidade Maravilhosa. E a√≠, voc√™s v√£o?

üì∑ Reprodu√ß√£o | Instagram

#Shakira #laloba #Copacabana #show #praia #colombia",instagram,POSITIVE,0.000
18026359442480957,N/A,N/A,30/05/2420 11:51,9.0,0.0,0.0,"Um #tbt do Show hist√≥rico de Madonna em Copacabana com uma galera pra l√° de animada com a Sander Excurs√µes!

Rolou muita divers√£o no Bus Celebration com a penedoturismo e um servi√ßo de bordo MEGA ESPECIAL: Open Bar, Open Food, Kit lanche, Sorteios de Brindes e tudo que a Sander Excurs√µes √© capaz de fazer !

Viva uma nova experi√™ncia em viagens!

#excurs√µes #showdamadonna #viagens #turismo",instagram,POSITIVE,0.000
18024927532967648,N/A,N/A,30/05/2420 21:54,0.0,0.0,0.0,"‚ö†SHAKIRA NO BRASIL EM 2024 ou 2025? DE GRA√áA AINDA?? CONFIRA!üî•

No fim da tarde de quarta, 29, o DJ e designer Rafael Arena revelou uma informa√ß√£o bomb√°stica: SHAKIRA EM COPACABANA GRATUITO!

Se voc√™ n√£o sabe, Rafael Arena foi o insider que VAZOU o show de MADONNA!  Foi em  05 e mar√ßo e ele havia soltado a bomba antes mesmo de quaisquer outros an√∫ncios ou vazamentos anteriores, ou seja, Rafa √© uma fonte de alt√≠ssima credibilidade.

J√° havia rumores sobre negocia√ß√µes com Shakira para vir ao Brasil, e aparentemente entraram em acordo. Veremos mais atualiza√ß√µes nos pr√≥ximos cap√≠tulos, ent√£o j√° aproveita e SIGA LOUDNESS!!

.
.
.
.
.
#Shakira #brasil #copacabana #gratuito #show #evento #musica #latinmusic #latam #musicalatina #music #sigaloudness",instagram,POSITIVE,0.000
17885717166051061,N/A,N/A,30/05/2420 16:42,0.0,0.0,0.0,"Shakira far√° show de gra√ßa em Copacabana no in√≠cio de 2025. üáßüá∑

A informa√ß√£o foi revelada por Rafael Arena, que tamb√©m anunciou o show de Madonna.
O que voc√™s acharam?
.
.
.
.
.
#shakira #copacabana #riodejaneiro #fofocalizando #popmusic #hoje #boanoite #fofocando #noticia #brasil #noticias #news #jornalismo #not√≠cia #not√≠cias #newsgo #instago #jornal  #brazil #manchetes #famosos #revista #capas #fypage",instagram,POSITIVE,0.000
