1378,818928966926779,http://www.facebook.com/194506300590784,http://www.facebook.com/194506300590784_818928966926779,02/05/2420 15:31,175.0,76.0,60.0,"MADONNA IN RIO

O show da rainha do pop est√° cada dia mais perto e a mega estrutura do show tem chamado a aten√ß√£o. Um f√£ de Madonna filmava a montagem do palco quando foi interrompido por um homem, que estava perto dele e come√ßou a reclamar do show.
‚ÄúSafadeza. 60 milh√µes pra Madonna cantar quatro m√∫sicas. E o povo sofrendo de fome. Sa√∫de n√£o tem, educa√ß√£o n√£o tem, seguran√ßa n√£o tem. Uma estrutura dessas aqui pra uma artistas de fora. Nosso dinheiro. E o povo merece isso?‚Äù, diz o homem que foi filmado pelo f√£ da cantora.

O v√≠deo, claro, viralizou.
Madonna far√° um show gratuito como encerramento de sua turn√™ na praia de Copacabana no pr√≥ximo s√°bado, dia 4 de maio. O show √© patrocinado pelo banco Ita√∫ e ser√° transmitido ao vivo na TV Globo.

üî¥ Saiba mais sobre o show no portal do BT

Veja: https://btmais.com.br/homem-se-rev0lta-com-show-de-madonna-no-rio/",facebook,POSITIVE,0.0
